-7.629213944886926488e-39,5.879388730410633890e-39,4.981851458816731256e-39,8.620363559091584201e-39,-7.968628051124897730e-39,6.649016879479431545e-39,8.412835460420471767e-39,2.981810390550599322e-39,-9.344083769170636524e-39,1.142078707382305055e-38
-6.357205100357532501e-03,-7.703265175223350525e-03,2.316235750913619995e-02,-8.982137776911258698e-03,-3.149250522255897522e-03,5.573012400418519974e-03,1.167711522430181503e-02,-1.015452016144990921e-02,5.194574594497680664e-03,1.603351719677448273e-02
4.344185814261436462e-02,-3.409469500184059143e-02,9.686667472124099731e-02,3.883845359086990356e-02,-1.152851153165102005e-02,-2.445796690881252289e-02,-7.213082909584045410e-02,3.578536584973335266e-02,-5.890669673681259155e-02,-3.229360654950141907e-02
1.197005957365036011e-01,-4.288327693939208984e-02,-1.307403892278671265e-01,1.122713759541511536e-01,6.192197278141975403e-02,-1.369147002696990967e-01,9.168400429189205170e-03,-1.123092696070671082e-01,-2.974065206944942474e-02,6.095477566123008728e-02
7.389588747173547745e-03,1.267309859395027161e-02,-1.769733615219593048e-02,3.130042180418968201e-02,-1.158175989985466003e-02,1.743577979505062103e-02,-4.063127562403678894e-03,9.105331264436244965e-03,3.764478722587227821e-03,-2.682327479124069214e-02
-7.539568841457366943e-02,1.297755837440490723e-01,-4.693739488720893860e-02,-1.110318005084991455e-01,5.263108294457197189e-03,-7.504335790872573853e-02,-1.153374314308166504e-01,-4.773347079753875732e-02,-2.955927141010761261e-02,-2.387372963130474091e-02
-3.117043711245059967e-02,-1.484761666506528854e-02,-7.490329444408416748e-02,-7.079198211431503296e-02,2.402998507022857666e-03,-5.112439766526222229e-02,3.618526086211204529e-02,-3.159234998747706413e-03,-4.638925194740295410e-02,4.257347434759140015e-02
8.018112927675247192e-02,8.706052601337432861e-02,-9.121407754719257355e-03,6.452089548110961914e-02,7.069572806358337402e-02,-2.751890756189823151e-02,5.802120547741651535e-03,1.426793448626995087e-02,-3.669260442256927490e-02,-2.157752402126789093e-02
5.244721542112529278e-04,-1.619704812765121460e-01,1.224633455276489258e-01,-4.642926156520843506e-02,-1.397640854120254517e-01,-1.010473892092704773e-01,5.722347646951675415e-02,6.376231461763381958e-02,6.854077428579330444e-02,-5.803941562771797180e-02
-2.302505820989608765e-02,-2.362608760595321655e-01,5.550410598516464233e-02,5.617183167487382889e-03,-2.563012018799781799e-02,-2.861750498414039612e-02,-8.351060748100280762e-02,-2.381229028105735779e-02,5.709906294941902161e-02,4.332864191383123398e-03
6.461185868829488754e-03,1.069542095065116882e-01,-7.739912718534469604e-02,-1.006849482655525208e-01,2.100950479507446289e-01,8.354441262781620026e-03,-3.404918685555458069e-02,-3.095294348895549774e-02,7.117212563753128052e-02,-1.883101463317871094e-02
-4.561592265963554382e-02,-2.320732362568378448e-02,1.692993193864822388e-01,-1.440850049257278442e-01,-4.920018464326858521e-02,-1.745268255472183228e-01,-1.123288348317146301e-01,-1.475149840116500854e-01,-2.178200520575046539e-03,-2.355487085878849030e-02
9.548284858465194702e-02,3.100101463496685028e-02,-7.464916259050369263e-02,6.986759603023529053e-02,4.736581817269325256e-02,-6.131125241518020630e-02,2.833373378962278366e-03,-1.379319876432418823e-01,-7.400047779083251953e-02,-1.887053810060024261e-02
-4.741734266281127930e-02,-7.757602259516716003e-03,-1.389383077621459961e-01,4.542348440736532211e-03,3.734426945447921753e-02,-2.305076643824577332e-02,8.165311068296432495e-02,4.359618574380874634e-02,-4.300275444984436035e-02,-5.580765008926391602e-02
-1.627038419246673584e-02,9.725996293127536774e-03,-3.358320891857147217e-02,2.989121340215206146e-02,8.955477923154830933e-02,1.026211306452751160e-01,-3.057272918522357941e-02,-7.549376692622900009e-03,-5.320550501346588135e-02,-1.385914385318756104e-01
9.626161307096481323e-02,6.703815888613462448e-04,-1.297735702246427536e-02,7.847649604082107544e-02,-7.359480857849121094e-02,-1.451933849602937698e-02,5.917788669466972351e-02,4.751802980899810791e-02,-1.011974364519119263e-01,-4.647047445178031921e-02
-1.485219039022922516e-02,-1.479806751012802124e-01,3.471601009368896484e-02,1.499954462051391602e-01,1.078113988041877747e-01,-1.677094548940658569e-01,1.045085489749908447e-01,-7.688779383897781372e-02,6.462407112121582031e-02,1.152453422546386719e-01
-8.184962719678878784e-02,-1.199484616518020630e-01,5.507441237568855286e-02,2.985924296081066132e-02,8.658922277390956879e-03,-7.826711237430572510e-02,-1.502249240875244141e-01,-7.731033489108085632e-03,1.485254466533660889e-01,-5.371996015310287476e-02
-2.828598953783512115e-03,-3.850634023547172546e-02,9.627544879913330078e-02,-1.078393217176198959e-02,-6.711328402161598206e-03,1.297827363014221191e-01,1.207260116934776306e-01,-1.250491291284561157e-01,-1.167315915226936340e-01,4.052817076444625854e-02
-4.834134131669998169e-02,-1.468545012176036835e-02,-1.716568879783153534e-02,-2.495707385241985321e-02,2.876718342304229736e-02,9.556368924677371979e-03,-4.008916765451431274e-02,-4.779154434800148010e-02,-1.732321642339229584e-02,6.773053854703903198e-02
-7.448473572731018066e-02,-7.133332639932632446e-02,-8.924351073801517487e-03,-9.560667723417282104e-02,9.030872583389282227e-02,3.369142860174179077e-02,-2.175893634557723999e-01,8.567869081161916256e-04,8.990950882434844971e-02,1.860015466809272766e-02
7.562588155269622803e-02,-1.540033668279647827e-01,3.854867443442344666e-02,9.634625166654586792e-02,-3.320832923054695129e-02,-1.570570282638072968e-02,-6.391042470932006836e-02,1.110220886766910553e-02,-8.729646354913711548e-02,1.460198312997817993e-02
1.592680513858795166e-01,1.981277577579021454e-02,4.356442391872406006e-02,-2.050743997097015381e-02,-1.613009870052337646e-01,-1.154602915048599243e-01,-8.191336691379547119e-02,-4.411654919385910034e-02,-1.146443188190460205e-01,1.122967600822448730e-01
1.141505986452102661e-01,7.486192137002944946e-02,-4.126074165105819702e-02,-4.737690091133117676e-02,-2.995286881923675537e-02,-1.145162358880043030e-01,-4.483793675899505615e-02,1.269835084676742554e-01,1.713802665472030640e-01,1.562274694442749023e-01
-1.057950332760810852e-01,6.103567779064178467e-03,-1.277176477015018463e-02,-9.467562288045883179e-02,9.238556772470474243e-02,4.348039627075195312e-02,-1.145812720060348511e-01,-4.985558614134788513e-02,-1.666453182697296143e-01,6.035779789090156555e-02
8.714240789413452148e-02,3.921204060316085815e-02,-1.430795621126890182e-02,-8.233273401856422424e-03,4.813198745250701904e-02,-5.719205737113952637e-02,4.126834124326705933e-02,-2.566863782703876495e-02,-1.325484961271286011e-01,8.369139581918716431e-02
-7.213811576366424561e-02,2.668581716716289520e-02,-1.965107172727584839e-01,1.667654141783714294e-02,4.469832405447959900e-02,1.250361949205398560e-01,3.624727483838796616e-03,-1.886424571275711060e-01,-1.632562652230262756e-02,1.738753616809844971e-01
2.195855369791388512e-03,-1.633891463279724121e-01,1.560895740985870361e-01,-8.179678022861480713e-02,2.727073244750499725e-02,-9.309911727905273438e-02,1.121571846306324005e-02,-1.549553219228982925e-02,6.195515766739845276e-02,1.273558288812637329e-02
-2.666239999234676361e-02,5.468073487281799316e-02,-1.528352200984954834e-01,1.130773499608039856e-01,-1.840122975409030914e-02,-1.056265980005264282e-01,-1.189049184322357178e-01,2.456805109977722168e-02,2.196899056434631348e-02,-2.765733934938907623e-02
-7.669520378112792969e-02,8.756779134273529053e-03,3.441530093550682068e-02,1.070899292826652527e-01,-4.558366537094116211e-02,3.965522721409797668e-02,1.627225545234978199e-03,4.549380019307136536e-02,-7.629017531871795654e-02,4.106352850794792175e-02
1.801284775137901306e-02,3.861462324857711792e-02,-1.102511286735534668e-01,5.233899503946304321e-02,-1.747719012200832367e-02,-2.973556891083717346e-02,7.195503264665603638e-02,-8.656348288059234619e-02,-6.373664736747741699e-02,1.215132921934127808e-01
1.178533118218183517e-02,2.222265861928462982e-02,3.816147893667221069e-02,-7.466782815754413605e-03,-1.974813267588615417e-02,1.978978328406810760e-02,-1.770787872374057770e-02,-5.296209082007408142e-02,5.694288760423660278e-02,5.485585425049066544e-03
-4.207763075828552246e-02,-2.204790525138378143e-02,-8.725112676620483398e-02,8.493154495954513550e-02,-4.320879280567169189e-02,5.963991582393646240e-02,4.996029660105705261e-02,4.772464185953140259e-02,3.307798504829406738e-02,-3.479622676968574524e-02
1.670253574848175049e-01,1.962573826313018799e-02,-1.032109037041664124e-01,-1.517889648675918579e-02,7.285029441118240356e-02,-1.222886703908443451e-02,-3.347402065992355347e-02,-8.589787781238555908e-02,-2.421464025974273682e-02,2.094140835106372833e-02
5.881480500102043152e-02,-2.648384496569633484e-02,2.289838343858718872e-02,2.861511893570423126e-02,-6.895957142114639282e-02,-6.284759938716888428e-02,3.462994098663330078e-02,5.011292919516563416e-02,-6.225116923451423645e-02,1.190738473087549210e-02
1.691207289695739746e-02,-9.910236112773418427e-03,-1.809189468622207642e-02,-9.959734976291656494e-03,-6.752870976924896240e-03,9.855378419160842896e-03,2.732699923217296600e-02,-1.947010867297649384e-02,-2.148074470460414886e-02,1.419710181653499603e-02
-3.449351340532302856e-02,-1.585771329700946808e-02,-1.306910626590251923e-02,-2.402415685355663300e-02,6.136749312281608582e-02,2.785001136362552643e-02,-5.751494318246841431e-02,1.608961634337902069e-02,1.114560142159461975e-01,1.214575394988059998e-02
2.374693192541599274e-02,-1.348329521715641022e-02,7.026194781064987183e-02,4.094629082828760147e-03,-2.975810691714286804e-02,-1.589769497513771057e-02,-1.209793332964181900e-02,4.788945987820625305e-02,-6.067205592989921570e-02,-4.495146498084068298e-02
-5.225303769111633301e-02,1.425095926970243454e-02,6.935177743434906006e-02,-1.391442865133285522e-01,8.433807641267776489e-03,-6.393733434379100800e-03,-4.680360481142997742e-02,5.232783779501914978e-02,4.632208496332168579e-02,-4.014810919761657715e-02
-8.425740897655487061e-02,-5.721898376941680908e-02,1.722137629985809326e-02,-2.994385361671447754e-02,2.491841651499271393e-02,-1.217004470527172089e-02,-6.876101344823837280e-02,-4.554419592022895813e-02,-9.872736781835556030e-02,-4.954390227794647217e-02
-5.609689652919769287e-02,7.746332325041294098e-03,-1.571614481508731842e-02,-6.249925121665000916e-02,-8.345057815313339233e-02,-1.999913156032562256e-01,-1.817004531621932983e-01,-4.119559749960899353e-02,-8.473767898976802826e-03,5.424684658646583557e-02
-1.886306256055831909e-01,1.284411400556564331e-01,-1.332177072763442993e-01,-4.891321435570716858e-02,1.809460856020450592e-02,1.255349628627300262e-02,-4.851039126515388489e-02,4.766827076673507690e-02,5.205995589494705200e-02,1.775677874684333801e-02
1.897478708997368813e-03,2.403566148132085800e-03,-2.044764347374439240e-02,1.575310714542865753e-02,2.445251680910587311e-02,2.684794552624225616e-02,4.913333430886268616e-02,1.374385878443717957e-02,1.316183625021949410e-04,-4.375002905726432800e-02
1.544783450663089752e-02,-4.151760786771774292e-02,-3.415832668542861938e-02,3.091585449874401093e-02,4.881942272186279297e-02,6.699554622173309326e-02,7.475974969565868378e-03,-9.749455377459526062e-03,2.277026139199733734e-02,1.549359224736690521e-02
1.001271009445190430e-01,1.598579138517379761e-01,4.811254888772964478e-02,-1.021702289581298828e-01,-7.165165245532989502e-02,-9.838983416557312012e-03,2.536658570170402527e-02,3.534390777349472046e-02,-7.238899171352386475e-02,1.282517164945602417e-01
1.969500072300434113e-02,4.613529145717620850e-02,5.139158666133880615e-02,-2.464937418699264526e-02,2.739594317972660065e-02,-1.073226012522354722e-04,-1.613401062786579132e-02,3.996378555893898010e-02,-1.076498162001371384e-02,5.186804104596376419e-03
1.990720443427562714e-02,1.029631122946739197e-01,2.792577259242534637e-03,6.166964303702116013e-04,5.333211645483970642e-02,-1.499161683022975922e-02,-1.261788308620452881e-01,-1.313567459583282471e-01,6.003143638372421265e-02,-1.493090391159057617e-01
-1.649642363190650940e-03,7.982722483575344086e-03,4.805853217840194702e-02,-9.180299192667007446e-02,-1.325118076056241989e-02,3.099590353667736053e-02,3.051993809640407562e-02,-8.146613836288452148e-04,-8.604481071233749390e-02,-5.374265369027853012e-03
1.419967040419578552e-03,5.759677663445472717e-02,-6.875929236412048340e-02,-2.536582469474524260e-04,6.407082825899124146e-02,2.012084424495697021e-02,-1.906015537679195404e-02,-2.011566236615180969e-02,-3.039195016026496887e-02,-3.993802890181541443e-02
6.489891558885574341e-02,9.894583374261856079e-02,8.903398178517818451e-03,1.325194686651229858e-01,5.479082092642784119e-02,-4.930504132062196732e-03,4.470757767558097839e-02,-4.388245195150375366e-02,-9.197822958230972290e-02,3.818659111857414246e-02
4.770300164818763733e-02,2.424341253936290741e-02,-2.292581088840961456e-02,2.508160658180713654e-02,5.505193397402763367e-02,1.221161801367998123e-02,-1.602976955473423004e-02,1.027436740696430206e-02,2.533778361976146698e-02,7.820750586688518524e-03
-6.160486117005348206e-02,6.177833303809165955e-02,-1.955288462340831757e-02,1.312552206218242645e-02,-1.713833957910537720e-02,-1.661732234060764313e-02,-2.848033793270587921e-02,1.283018738031387329e-01,4.041724279522895813e-02,-3.525087609887123108e-02
-6.357254832983016968e-02,4.828640073537826538e-02,-2.178757637739181519e-02,3.735602647066116333e-02,-4.328060895204544067e-02,6.060000509023666382e-02,-2.564137242734432220e-02,-7.440180331468582153e-02,3.790060430765151978e-02,-3.195899352431297302e-02
-6.201110314577817917e-03,5.062296986579895020e-02,-9.593133814632892609e-03,-5.181141570210456848e-02,-6.167151150293648243e-04,6.335068959742784500e-03,2.026737667620182037e-03,-1.466051582247018814e-02,-3.238822519779205322e-02,-1.174391712993383408e-02
-6.216415204107761383e-03,-4.331238102167844772e-03,6.287314463406801224e-03,-8.719272911548614502e-03,-8.016631007194519043e-03,-3.669407451525330544e-03,-7.794463075697422028e-03,-2.832426922395825386e-03,4.573353100568056107e-03,1.109875179827213287e-02
-2.331660315394401550e-02,7.470897585153579712e-02,-1.534750103019177914e-03,-4.152703285217285156e-02,-5.801578983664512634e-02,-3.535457886755466461e-03,-3.271742910146713257e-02,-1.643325388431549072e-02,1.089438144117593765e-02,-1.013012323528528214e-02
-1.126990001648664474e-02,-4.418175667524337769e-02,-1.647358946502208710e-02,2.982577495276927948e-02,-9.821079671382904053e-03,2.253477089107036591e-02,6.013273075222969055e-02,1.396345347166061401e-02,5.204085633158683777e-02,-6.259023398160934448e-02
4.844035953283309937e-02,-3.725197911262512207e-02,2.367309480905532837e-02,4.792268201708793640e-02,-3.591558337211608887e-02,-1.759578846395015717e-02,6.348614394664764404e-02,-3.397491201758384705e-02,-5.505843833088874817e-02,9.016579389572143555e-02
-1.591304317116737366e-02,1.819916255772113800e-02,-2.757844142615795135e-02,-5.855924915522336960e-03,1.437692204490303993e-03,-1.550337020307779312e-02,2.448721975088119507e-02,-2.055921591818332672e-02,-1.510573085397481918e-02,-6.446011364459991455e-02
-6.593762896955013275e-03,-5.651238560676574707e-02,-4.992494359612464905e-02,9.196162968873977661e-02,4.458018019795417786e-02,3.819708013907074928e-03,2.580968663096427917e-02,-7.385474164038896561e-03,-1.263966225087642670e-02,-1.347318571060895920e-02
8.867754042148590088e-02,8.954676240682601929e-02,-4.649493843317031860e-02,8.205311000347137451e-02,5.929707735776901245e-02,-5.746467038989067078e-02,-3.228541463613510132e-02,-1.221219729632139206e-02,1.290635857731103897e-02,-4.897354915738105774e-02
-6.782087963074445724e-03,1.241767313331365585e-02,8.542462252080440521e-03,1.715085469186306000e-02,-3.418387100100517273e-02,-1.727766916155815125e-02,2.361202798783779144e-02,-1.562953740358352661e-02,1.903669908642768860e-02,1.000540237873792648e-02
1.667603105306625366e-02,-1.801432110369205475e-02,-1.407939288765192032e-02,-1.273242477327585220e-02,-2.696398273110389709e-02,2.501608245074748993e-02,2.131138369441032410e-02,1.512538269162178040e-02,1.632581581361591816e-03,1.649202778935432434e-02
-1.304485183209180832e-02,-7.907642424106597900e-02,-2.249591425061225891e-02,-3.421040251851081848e-02,-4.943861439824104309e-02,-6.817592680454254150e-02,-5.348802357912063599e-02,-7.516814768314361572e-02,-1.089422963559627533e-02,-9.703992873255629092e-06
2.786085754632949829e-02,-2.620614320039749146e-02,3.835633024573326111e-02,2.521468512713909149e-02,2.329008840024471283e-02,-8.897279947996139526e-02,-1.168627217411994934e-01,-1.964353956282138824e-02,-5.067307129502296448e-02,1.446510944515466690e-02
5.478566512465476990e-02,2.427630359306931496e-03,-4.337207600474357605e-02,2.717391029000282288e-02,3.877940773963928223e-02,-4.820217564702033997e-02,-2.526633627712726593e-02,5.166234914213418961e-03,-7.640390843152999878e-02,2.208245545625686646e-02
-1.202396489679813385e-02,-1.199974864721298218e-02,-1.338684558868408203e-02,2.967408671975135803e-02,-9.011002257466316223e-03,2.448612451553344727e-02,3.638213872909545898e-02,-1.887038379209116101e-04,4.373507574200630188e-02,-2.251398377120494843e-02
-2.244316600263118744e-02,-2.349551394581794739e-02,9.698845446109771729e-03,8.722735568881034851e-03,-5.984065122902393341e-03,3.125534206628799438e-02,-9.366744197905063629e-03,-1.051108352839946747e-02,-2.087021619081497192e-02,3.365167230367660522e-02
-1.080574933439493179e-02,-3.361281007528305054e-02,-1.971448026597499847e-02,5.577520653605461121e-02,8.233491331338882446e-02,4.305979527998715639e-04,1.003978867083787918e-02,6.236781552433967590e-02,1.442445535212755203e-02,6.064338237047195435e-02
-3.399657830595970154e-02,1.870064437389373779e-02,-9.399930387735366821e-02,-1.791114360094070435e-02,-2.038634754717350006e-02,-3.456677123904228210e-02,2.772768959403038025e-02,-7.301136851310729980e-02,1.609810255467891693e-02,-5.047670565545558929e-03
1.022746693342924118e-02,9.685776196420192719e-03,-1.138927321881055832e-02,1.758556929416954517e-03,1.321700285188853741e-03,-1.178119331598281860e-02,-1.116341562010347843e-03,2.085048006847500801e-03,1.321161352097988129e-02,2.724966965615749359e-03
-3.865136206150054932e-02,1.024653017520904541e-02,-1.721942052245140076e-02,-1.833340898156166077e-02,4.010635986924171448e-02,-4.677433054894208908e-03,-3.904266282916069031e-02,7.365189492702484131e-03,-1.957052201032638550e-02,1.027078740298748016e-02
9.253205731511116028e-03,2.831297367811203003e-02,3.730562515556812286e-03,-6.745425518602132797e-03,7.995548658072948456e-03,7.703498471528291702e-03,-1.537981536239385605e-02,-2.195837209001183510e-03,-2.144624665379524231e-02,-1.165301725268363953e-02
-5.119039118289947510e-02,-8.306434750556945801e-02,7.174077630043029785e-02,-5.754753574728965759e-02,8.216094225645065308e-02,1.088327541947364807e-01,-8.532277308404445648e-03,-2.384901978075504303e-02,-1.813796609640121460e-01,-1.559539437294006348e-01
-1.056700348854064941e-01,-2.630471065640449524e-02,7.586342096328735352e-02,1.165814232081174850e-02,-6.036034226417541504e-02,1.818705201148986816e-01,-6.229916960000991821e-02,1.108839511871337891e-01,1.342534273862838745e-02,-1.134506985545158386e-01
1.304716896265745163e-02,-8.592065423727035522e-03,-5.082909762859344482e-02,3.809091821312904358e-02,3.687838616315275431e-04,1.789599098265171051e-02,-1.162425801157951355e-02,-3.672080487012863159e-02,3.434437513351440430e-02,2.792153507471084595e-02
5.265173967927694321e-03,3.574129939079284668e-02,-3.735292330384254456e-02,2.121979743242263794e-02,-8.517611771821975708e-03,4.767022281885147095e-02,8.615667931735515594e-03,7.367960177361965179e-03,3.076812438666820526e-02,-1.908063516020774841e-02
8.094958961009979248e-03,2.395863458514213562e-02,3.251346945762634277e-02,-1.115646585822105408e-02,3.164933621883392334e-02,-4.766249039676040411e-04,-2.286041900515556335e-02,1.379880122840404510e-02,-3.718029707670211792e-03,-7.026300299912691116e-03
-5.598346143960952759e-02,6.510387361049652100e-02,-4.487788304686546326e-02,6.468725856393575668e-03,8.451408147811889648e-02,5.560837686061859131e-02,-9.602593630552291870e-02,-2.389711886644363403e-02,4.692482575774192810e-02,8.179824799299240112e-02
2.025162056088447571e-02,1.607669331133365631e-02,-9.866248071193695068e-02,4.189087450504302979e-02,4.757744073867797852e-02,-1.525393128395080566e-02,3.167881816625595093e-02,-9.491624310612678528e-03,1.124664470553398132e-01,4.632898792624473572e-02
6.904514878988265991e-02,-2.737754769623279572e-02,-2.156277187168598175e-02,1.352278143167495728e-01,1.727552525699138641e-02,3.792231529951095581e-02,-1.935238018631935120e-02,2.296068519353866577e-02,6.976141035556793213e-02,-7.155159860849380493e-02
-6.242625880986452103e-03,4.794534761458635330e-04,3.104255162179470062e-02,-7.457977626472711563e-03,9.685112163424491882e-03,1.708301715552806854e-02,-2.018008567392826080e-02,2.549110352993011475e-02,-2.152303233742713928e-02,-5.554617941379547119e-02
-1.151891611516475677e-02,4.181127995252609253e-02,6.607582792639732361e-03,-6.767752021551132202e-02,-1.263279467821121216e-02,-3.381492197513580322e-02,7.626485079526901245e-02,2.359096705913543701e-02,-5.248964577913284302e-02,-5.837251991033554077e-02
6.432288885116577148e-02,4.325237870216369629e-02,-1.626277156174182892e-02,-8.876403793692588806e-03,2.392162336036562920e-03,-2.671318501234054565e-02,2.784234657883644104e-02,3.159730136394500732e-02,-5.525220185518264771e-02,2.962657064199447632e-02
6.439486518502235413e-03,-3.634870424866676331e-02,-2.799962414428591728e-03,-1.107224822044372559e-02,2.439480461180210114e-02,-2.399953082203865051e-02,-8.204438723623752594e-03,1.702967472374439240e-02,2.623813413083553314e-02,1.482686959207057953e-02
-3.750436753034591675e-02,2.815732732415199280e-02,6.413003429770469666e-03,-1.587107218801975250e-02,1.397598185576498508e-03,1.185904070734977722e-02,-4.061599075794219971e-02,3.832327947020530701e-02,-4.778855293989181519e-02,-3.765374422073364258e-02
3.529124706983566284e-02,4.171231016516685486e-02,8.379153907299041748e-02,2.790176309645175934e-02,-3.454065695405006409e-02,1.604384928941726685e-02,2.978673949837684631e-02,6.648346781730651855e-02,5.064558982849121094e-02,2.714003995060920715e-02
-1.754175499081611633e-02,3.653838485479354858e-02,-9.956393390893936157e-02,5.768381059169769287e-02,7.164304703474044800e-02,6.442876160144805908e-02,8.102168142795562744e-02,-9.761541150510311127e-03,8.850888162851333618e-02,-2.587126009166240692e-02
-1.095812395215034485e-02,-3.108819015324115753e-02,3.151238709688186646e-02,-1.546142622828483582e-02,-3.870622441172599792e-02,-2.584292367100715637e-02,1.476855110377073288e-02,2.775511145591735840e-02,-4.734842572361230850e-03,1.813243143260478973e-02
4.567485302686691284e-02,6.974721793085336685e-03,6.719446182250976562e-02,-1.622937805950641632e-02,4.457088652998209000e-03,-8.481824770569801331e-03,-1.395584177225828171e-02,2.416635863482952118e-02,-8.548802882432937622e-02,-5.021840706467628479e-02
1.071333885192871094e-03,-8.495515212416648865e-03,3.797977790236473083e-02,1.680117566138505936e-03,-1.561999134719371796e-02,-3.581947088241577148e-02,-3.269026800990104675e-02,5.954330787062644958e-03,1.425653230398893356e-02,-4.600496962666511536e-03
6.059521436691284180e-02,6.836204975843429565e-02,-3.962608054280281067e-02,-5.935543403029441833e-02,2.537240646779537201e-02,-3.257696330547332764e-02,-6.557636708021163940e-02,1.164045277982950211e-02,-8.403150364756584167e-03,2.714006416499614716e-02
-1.870769262313842773e-02,-4.999758675694465637e-02,-7.804601639509201050e-02,7.640589028596878052e-02,1.661015488207340240e-02,3.875957056879997253e-02,3.767229989171028137e-02,-1.265566330403089523e-02,1.094393339008092880e-02,9.021159261465072632e-02
1.370241679251194000e-02,-5.941331852227449417e-03,1.382827758789062500e-02,-1.341683440841734409e-03,3.099037893116474152e-02,7.039995491504669189e-02,2.429655194282531738e-02,6.831432878971099854e-02,-1.736748218536376953e-02,-7.522552460432052612e-02
9.080945514142513275e-03,-1.203005760908126831e-02,-2.258302271366119385e-02,1.876972266472876072e-03,3.063201159238815308e-02,7.303043268620967865e-03,-3.433261299505829811e-03,-1.319695729762315750e-02,1.684517972171306610e-02,-1.605062372982501984e-02
6.797420233488082886e-02,1.169123128056526184e-02,6.734751630574464798e-03,4.223906621336936951e-02,-3.519495017826557159e-03,-1.121781580150127411e-02,-3.507504612207412720e-02,-5.066040530800819397e-02,-1.110251434147357941e-02,-2.416959218680858612e-02
3.566061705350875854e-02,3.448940068483352661e-02,-2.064875885844230652e-02,1.116638723760843277e-02,5.364086106419563293e-02,-2.545985020697116852e-02,-1.207952294498682022e-02,-2.054868452250957489e-02,-1.564997062087059021e-02,-3.069294244050979614e-02
1.169326994568109512e-02,-2.464118413627147675e-02,3.814788535237312317e-03,-3.283698169980198145e-04,-1.624006219208240509e-02,-2.592309843748807907e-03,2.894873730838298798e-02,5.963940173387527466e-03,-1.460264623165130615e-02,1.280497666448354721e-02
5.883640609681606293e-03,-2.712490409612655640e-02,4.285237286239862442e-03,-1.244306750595569611e-02,1.067432854324579239e-02,-2.119712345302104950e-02,-2.301056869328022003e-02,-1.353775430470705032e-02,3.859000280499458313e-02,2.383280545473098755e-02
1.270984299480915070e-02,-4.690340906381607056e-02,-2.214703522622585297e-02,2.231364138424396515e-02,1.240276731550693512e-02,5.708730593323707581e-02,-4.314091056585311890e-04,2.418612502515316010e-02,4.699330776929855347e-03,-1.191537268459796906e-02
-1.763408631086349487e-02,-2.173192612826824188e-02,4.904129891656339169e-04,3.367773815989494324e-02,-1.039866544306278229e-02,2.007610537111759186e-02,1.501041091978549957e-02,-1.804079301655292511e-02,1.631891168653964996e-02,-6.050288211554288864e-03
-3.434490785002708435e-02,5.388309806585311890e-02,1.729334145784378052e-02,4.218612238764762878e-02,-9.217497892677783966e-03,-4.020928870886564255e-03,3.044705605134367943e-03,-1.048947870731353760e-02,-1.275101900100708008e-01,-1.074078977108001709e-01
-5.133019387722015381e-02,5.450858175754547119e-02,-2.200385555624961853e-02,-9.413590654730796814e-03,1.401435583829879761e-02,-2.986105717718601227e-02,-1.314814668148756027e-02,7.030160166323184967e-03,-6.118704751133918762e-02,-3.415071219205856323e-02
-1.785236224532127380e-02,-2.118566771969199181e-03,6.947070360183715820e-03,-3.007914684712886810e-02,2.697473159059882164e-03,-5.974513478577136993e-03,1.064990274608135223e-02,3.308051824569702148e-02,-2.480468526482582092e-02,1.815876364707946777e-02
4.609693959355354309e-02,-6.278634071350097656e-02,4.358172789216041565e-02,3.636403754353523254e-02,1.185304205864667892e-02,-6.690976023674011230e-02,7.938870228826999664e-03,4.823121055960655212e-02,-9.778076782822608948e-03,-5.580950900912284851e-02
1.632150262594223022e-02,-2.273990772664546967e-02,-1.686928048729896545e-02,3.376677632331848145e-02,2.219842933118343353e-02,1.116987597197294235e-02,3.700583055615425110e-02,6.882252544164657593e-02,-2.458192408084869385e-02,-2.072631008923053741e-02
-2.792737260460853577e-02,-7.267416268587112427e-02,-1.167984120547771454e-02,6.119596213102340698e-02,4.187166318297386169e-02,2.742296084761619568e-02,1.280738878995180130e-02,-3.721353039145469666e-02,2.060438133776187897e-02,-3.047619538847357035e-04
3.371099382638931274e-02,-1.153765060007572174e-02,2.002775482833385468e-02,1.419872604310512543e-02,3.528199857100844383e-03,5.827156826853752136e-03,3.065976686775684357e-02,-3.150714561343193054e-02,-6.491562351584434509e-03,2.002747915685176849e-02
8.665618486702442169e-03,-5.232320725917816162e-02,-1.081288512796163559e-02,1.892993750516325235e-04,9.344559162855148315e-03,-6.461556069552898407e-03,-2.008176594972610474e-02,1.534155383706092834e-02,-2.180555835366249084e-02,-2.801124192774295807e-02
2.034373022615909576e-02,3.512328257784247398e-03,6.974073592573404312e-03,2.265736274421215057e-02,-3.541469573974609375e-02,-2.566105872392654419e-02,-2.790431305766105652e-02,3.302040323615074158e-02,-8.099392056465148926e-03,9.112460538744926453e-04
5.237809568643569946e-02,3.726306930184364319e-02,6.686105858534574509e-03,4.156859219074249268e-02,-5.830200016498565674e-02,-2.344289794564247131e-02,1.055533881299197674e-03,-2.070111036300659180e-02,1.052971556782722473e-02,5.528302863240242004e-02
2.315130084753036499e-02,-6.236441899091005325e-03,8.801607415080070496e-03,2.256616577506065369e-02,8.685833774507045746e-03,-2.788983657956123352e-02,1.843385514803230762e-03,-1.559341885149478912e-02,-1.610991358757019043e-02,3.088408708572387695e-02
-4.769592080265283585e-03,1.052845548838376999e-02,2.163821831345558167e-02,-4.865867272019386292e-02,1.695324480533599854e-02,-1.652117073535919189e-02,-4.182616248726844788e-03,3.099442273378372192e-02,1.563388109207153320e-02,-6.039208266884088516e-03
3.158698603510856628e-02,-1.818710821680724621e-03,8.793022483587265015e-03,7.158722728490829468e-03,-3.609732538461685181e-02,-1.409601327031850815e-02,2.300662733614444733e-02,1.633559726178646088e-02,2.161610312759876251e-02,9.922910248860716820e-04
4.310203716158866882e-03,1.739536784589290619e-02,-1.986434217542409897e-03,-3.166092559695243835e-02,-2.012296579778194427e-02,6.049410905689001083e-03,-1.486830506473779678e-02,1.332758925855159760e-02,-7.643016986548900604e-03,-1.448526419699192047e-02
-3.199008107185363770e-02,-1.147973351180553436e-02,1.759878173470497131e-02,-3.165810182690620422e-02,1.422506943345069885e-02,-1.257930509746074677e-02,-1.570671424269676208e-02,-1.106691453605890274e-02,4.044456034898757935e-02,-3.900755662471055984e-03
-1.174218114465475082e-02,-1.758240046910941601e-03,-2.561541041359305382e-03,-1.931110955774784088e-02,-3.561039688065648079e-03,-2.651988901197910309e-02,-2.839113585650920868e-02,2.888204902410507202e-02,-3.373450785875320435e-02,-4.617099766619503498e-04
1.576830400153994560e-03,-1.353865582495927811e-02,-2.353291213512420654e-02,2.769370190799236298e-02,2.441047504544258118e-02,7.592966780066490173e-03,2.825606986880302429e-02,1.707079634070396423e-02,-2.921393839642405510e-03,2.029046416282653809e-02
-3.667512908577919006e-02,6.117654033005237579e-03,-5.332030355930328369e-02,-4.040824715048074722e-03,3.082267241552472115e-03,9.017805568873882294e-03,1.386676303809508681e-04,-1.608856208622455597e-02,4.461476951837539673e-02,-1.393419131636619568e-02
5.505174770951271057e-02,-2.213697321712970734e-02,4.443099349737167358e-02,3.025376936420798302e-03,-8.050835132598876953e-02,-7.660386152565479279e-03,3.482030006125569344e-03,2.595253475010395050e-02,4.484713450074195862e-02,1.873227953910827637e-02
2.526403032243251801e-02,-2.676528692245483398e-02,3.179194778203964233e-02,1.061188243329524994e-02,-2.719273045659065247e-02,-2.537530474364757538e-02,-3.834006935358047485e-02,8.304987102746963501e-03,-2.959185279905796051e-02,-2.277771942317485809e-02
-7.985058240592479706e-03,1.433778926730155945e-02,-2.575341425836086273e-02,2.135256119072437286e-02,-1.739979907870292664e-02,4.565358906984329224e-02,1.964549906551837921e-02,9.780019521713256836e-03,1.890560495667159557e-03,8.586545474827289581e-03
8.013917249627411366e-04,4.630600102245807648e-03,-4.673663154244422913e-02,-2.148766443133354187e-02,-9.250647388398647308e-03,1.200232747942209244e-02,2.302121184766292572e-02,-1.922159455716609955e-03,-1.372751407325267792e-02,-1.591725740581750870e-03
1.728768832981586456e-02,-2.179481647908687592e-02,2.708555385470390320e-02,-7.076867856085300446e-03,1.018094737082719803e-02,-3.962443396449089050e-02,-8.053462952375411987e-03,1.537935156375169754e-02,-1.864172331988811493e-02,2.644811756908893585e-02
-3.531527938321232796e-03,-3.437504172325134277e-02,8.810470812022686005e-03,1.514580659568309784e-02,-1.711562648415565491e-02,-2.319827303290367126e-02,-3.970297519117593765e-03,-1.541021373122930527e-02,-3.511931002140045166e-02,5.965482443571090698e-03
-5.049101635813713074e-02,2.909604227170348167e-04,-4.188372194766998291e-02,-6.956160068511962891e-03,2.377522410824894905e-03,4.703490529209375381e-03,-2.742460370063781738e-02,-1.973039284348487854e-02,-4.673177376389503479e-03,-4.352002963423728943e-02
-3.533324925228953362e-04,-1.249491760972887278e-04,1.385548268444836140e-03,6.977358716540038586e-04,-7.612689514644443989e-04,2.952296381408814341e-05,2.522365888580679893e-03,1.070001671905629337e-04,-2.329157432541251183e-03,-2.714462461881339550e-04
-1.420462131500244141e-02,-6.756825372576713562e-03,-1.919833011925220490e-02,4.540244117379188538e-02,1.491345581598579884e-03,2.090067788958549500e-02,7.838948629796504974e-03,1.055339453159831464e-05,9.052990004420280457e-03,-1.046754140406847000e-02
-7.052083965390920639e-03,2.059220522642135620e-02,5.597670748829841614e-02,-4.254226386547088623e-02,1.761744543910026550e-02,6.891399621963500977e-02,-8.150950074195861816e-02,-2.947651222348213196e-02,-6.741765141487121582e-02,-1.419844105839729309e-02
-1.738134026527404785e-02,-2.700595185160636902e-03,-9.284435771405696869e-03,1.370482705533504486e-02,-6.694481708109378815e-03,2.938173152506351471e-02,2.877073595300316811e-03,-2.654141373932361603e-02,2.121279016137123108e-02,-3.103199414908885956e-02
5.819350481033325195e-03,-4.990596696734428406e-02,-1.787669770419597626e-02,7.738430052995681763e-03,-1.613952778279781342e-02,-1.660146750509738922e-02,-2.766233170405030251e-03,3.105109324678778648e-03,4.290855024009943008e-03,4.633636400103569031e-02
5.725353956222534180e-02,5.975160747766494751e-03,7.945281453430652618e-03,6.265531480312347412e-02,6.610523443669080734e-03,-6.076598167419433594e-02,5.292243510484695435e-02,-4.307071119546890259e-02,1.973206053662579507e-05,1.099584158509969711e-02
2.417691424489021301e-02,1.842151023447513580e-02,2.271753177046775818e-02,2.544861286878585815e-03,-7.565495092421770096e-03,3.017757646739482880e-02,-7.024436257779598236e-03,4.127605259418487549e-02,-3.248645365238189697e-02,-4.534562304615974426e-02
-4.220143426209688187e-03,5.257710814476013184e-03,6.596638355404138565e-03,-8.695055730640888214e-03,4.886291921138763428e-03,6.435028277337551117e-03,-6.761667900718748569e-04,3.285302664153277874e-04,-6.325745489448308945e-03,4.096962045878171921e-03
-2.220481634140014648e-02,-4.178068414330482483e-02,1.422115322202444077e-02,1.587689295411109924e-02,-7.607982959598302841e-03,-1.722054742276668549e-02,4.246146883815526962e-03,1.161749125458300114e-03,-2.178777381777763367e-02,2.599345147609710693e-02
4.635624215006828308e-02,6.915329140610992908e-04,-7.954216562211513519e-03,2.541800774633884430e-02,1.006418000906705856e-02,2.307797549292445183e-03,-1.257997937500476837e-02,4.013043362647294998e-03,-1.461079111322760582e-03,1.807948201894760132e-02
-6.265979260206222534e-03,3.238551318645477295e-02,-2.530626021325588226e-02,2.334954589605331421e-02,1.857124269008636475e-02,2.457822859287261963e-02,-6.061747670173645020e-03,1.782725006341934204e-02,2.569889090955257416e-02,-2.790683507919311523e-02
-2.698194293770939112e-04,-1.152695738710463047e-03,-3.736547892913222313e-03,-1.650075241923332214e-02,2.059693913906812668e-03,-1.357811596244573593e-02,1.823097467422485352e-02,7.329830899834632874e-03,-3.971165511757135391e-03,1.885900646448135376e-02
2.924140542745590210e-02,1.763818226754665375e-02,5.113061517477035522e-02,-3.169431537389755249e-02,3.750769654288887978e-03,1.031232159584760666e-02,-1.559978164732456207e-02,1.116754207760095596e-02,2.114919712767004967e-03,-2.396784350275993347e-02
-6.742192897945642471e-03,-1.045465469360351562e-03,-6.607729941606521606e-03,1.352468039840459824e-02,2.353669842705130577e-03,1.549584791064262390e-03,-6.831299979239702225e-03,-1.068778708577156067e-02,1.056640408933162689e-02,-4.204126016702502966e-04
-5.829447507858276367e-02,4.337023571133613586e-02,-3.869035840034484863e-02,-6.421292573213577271e-02,2.766923606395721436e-02,-3.440405428409576416e-02,-7.553495466709136963e-02,-5.585044249892234802e-02,-7.406262308359146118e-02,-2.273048460483551025e-02
-7.698724977672100067e-03,3.243073821067810059e-02,8.851724676787853241e-03,-5.724832415580749512e-02,-1.011490728706121445e-02,3.048337250947952271e-02,-1.149618532508611679e-02,1.449066773056983948e-02,-1.090449746698141098e-02,-1.348775904625654221e-02
6.517725437879562378e-02,-6.610428914427757263e-03,4.045036435127258301e-02,4.195187240839004517e-02,2.622781321406364441e-02,-2.812298014760017395e-02,2.185977250337600708e-02,2.379914076300337911e-04,-2.798262052237987518e-02,-1.370274834334850311e-02
7.309568580240011215e-03,-1.070213597267866135e-02,7.567479042336344719e-05,-1.005113590508699417e-02,1.216967869549989700e-02,3.799955174326896667e-02,6.525442004203796387e-02,5.263667553663253784e-03,-2.738300524652004242e-02,-1.618659682571887970e-02
2.309840917587280273e-02,2.744878083467483521e-02,-1.609320193529129028e-02,3.563036024570465088e-02,-1.296290382742881775e-02,5.019934102892875671e-02,4.082866013050079346e-02,7.860796526074409485e-03,-1.556511130183935165e-02,-5.760487541556358337e-02
4.968048888258635998e-04,-2.487488090991973877e-02,3.577840700745582581e-02,-3.461977094411849976e-02,-1.976799219846725464e-02,-5.931818392127752304e-03,2.877869270741939545e-02,-6.786671001464128494e-03,-4.700453486293554306e-03,4.179226525593549013e-04
-8.604173548519611359e-03,-1.231518946588039398e-02,-4.087921231985092163e-03,-2.909276168793439865e-03,-5.195316858589649200e-03,2.316499687731266022e-02,-2.893342450261116028e-02,-1.796436146833002567e-03,7.198946084827184677e-03,-1.666273362934589386e-02
-4.328542854636907578e-03,-6.569661945104598999e-02,5.059691891074180603e-02,-1.001441013067960739e-02,-1.277086138725280762e-02,-2.102401666343212128e-02,-7.576452940702438354e-02,3.654621168971061707e-02,-3.077787347137928009e-02,-3.451932966709136963e-02
1.031566504389047623e-02,3.023549728095531464e-02,-5.631477013230323792e-02,3.805495100095868111e-03,1.184458192437887192e-02,-1.318757236003875732e-02,8.301367983222007751e-03,4.739558789879083633e-03,-2.403489872813224792e-02,3.840025514364242554e-02
-4.501541703939437866e-02,4.277337342500686646e-02,1.510228216648101807e-02,-2.607621066272258759e-02,-1.434869784861803055e-02,-3.194735199213027954e-02,3.064100444316864014e-02,8.353785611689090729e-03,-5.077240243554115295e-02,1.382813090458512306e-03
-4.108432307839393616e-02,-4.021863453090190887e-03,-8.741785772144794464e-03,-9.267570450901985168e-03,1.721523585729300976e-03,2.476276643574237823e-02,-1.693344675004482269e-02,-2.135470882058143616e-02,-2.161165000870823860e-03,2.088728360831737518e-02
-2.466235496103763580e-02,-7.188186864368617535e-04,3.495808690786361694e-03,-2.583016641438007355e-02,1.965532079339027405e-02,1.778131350874900818e-02,2.887739613652229309e-02,1.400986965745687485e-02,1.996121183037757874e-02,-3.041678853332996368e-02
1.389376353472471237e-02,-1.181636564433574677e-02,2.501189475879073143e-03,-8.608751522842794657e-05,-2.824802324175834656e-02,-4.954880103468894958e-03,2.618252858519554138e-02,1.046044938266277313e-02,-2.180863358080387115e-02,1.750279404222965240e-02
-2.473343629390001297e-03,-1.148347835987806320e-02,-2.994600450620055199e-03,1.047974918037652969e-02,-9.019374847412109375e-03,-8.855128660798072815e-03,5.830507725477218628e-03,2.009056042879819870e-03,-1.022354792803525925e-02,4.023299086838960648e-03
-8.275662548840045929e-03,1.478859968483448029e-02,-3.145414963364601135e-02,-3.230438381433486938e-02,-9.889591485261917114e-03,5.193827673792839050e-03,4.926599189639091492e-02,-1.526218373328447342e-02,2.800887078046798706e-02,-7.373452186584472656e-03
-1.187194231897592545e-02,-2.009666338562965393e-02,-1.146281510591506958e-02,3.817140124738216400e-03,-1.691422052681446075e-02,5.207040347158908844e-03,2.449861261993646622e-03,4.558806773275136948e-03,5.482793319970369339e-03,7.976042688824236393e-04
-2.159127732738852501e-03,-4.181377007625997066e-04,8.791000582277774811e-03,-1.002456876449286938e-03,3.455668920651078224e-03,8.599617518484592438e-03,-4.231277387589216232e-03,-9.713473729789257050e-03,-8.340793428942561150e-04,-6.057535763829946518e-03
-1.838548481464385986e-02,-2.691501565277576447e-02,1.956775225698947906e-02,-2.178260870277881622e-02,3.473345562815666199e-02,-1.978898048400878906e-02,-2.412633039057254791e-02,-3.086198680102825165e-02,-1.259266398847103119e-02,2.994459122419357300e-02
-4.406503649079240859e-06,-6.672068411717191339e-05,1.255128336197230965e-05,-1.388532041346479673e-06,3.698909845084585868e-09,7.255097500546980882e-08,-1.892596083052922040e-05,1.748419578007087694e-07,-1.071297720045549795e-05,1.457304250607194263e-07
-2.614171616733074188e-02,2.701900899410247803e-03,-2.645973861217498779e-02,8.572388440370559692e-03,-2.239571139216423035e-02,-5.548132210969924927e-02,-1.902350969612598419e-02,-9.313541464507579803e-03,-3.949089720845222473e-02,5.560594797134399414e-02
-7.665463490411639214e-04,-1.623213477432727814e-02,-2.469856664538383484e-02,4.424225538969039917e-02,-2.784806303679943085e-02,-7.327155210077762604e-03,-7.666487246751785278e-03,2.214968902990221977e-03,4.138930886983871460e-02,-3.748632734641432762e-03
-3.155444283038377762e-03,6.993697024881839752e-03,-2.813158556818962097e-02,-2.974636852741241455e-02,1.048209052532911301e-02,6.646910216659307480e-03,1.861567050218582153e-02,-1.047324389219284058e-02,1.637891121208667755e-02,1.159064378589391708e-02
-1.027598232030868530e-02,-2.764466963708400726e-02,8.110217750072479248e-03,-6.342999986372888088e-04,1.811940572224557400e-03,4.406355787068605423e-03,-5.896841175854206085e-03,-5.180068314075469971e-03,-6.608314346522092819e-03,2.963227219879627228e-03
-1.228953152894973755e-02,-9.017528500407934189e-04,-2.423372305929660797e-02,3.838133707176893950e-04,7.544586900621652603e-03,-2.477494999766349792e-03,-1.808361965231597424e-03,5.969566758722066879e-03,1.508760079741477966e-02,-1.409036293625831604e-02
-8.851857855916023254e-03,1.887931302189826965e-02,-5.883054807782173157e-03,-3.976613283157348633e-02,1.012212038040161133e-02,1.167938392609357834e-02,-2.954898402094841003e-02,4.973956849426031113e-03,2.289374545216560364e-02,1.124911475926637650e-02
2.611672040075063705e-03,-7.251553237438201904e-02,-1.823679730296134949e-02,1.652617007493972778e-02,2.049170620739459991e-02,-1.259313710033893585e-02,-1.316859479993581772e-02,-1.834119111299514771e-02,2.092625573277473450e-02,-1.306430250406265259e-02
-1.426463946700096130e-02,-2.305806428194046021e-02,-4.159472417086362839e-03,-9.328265674412250519e-03,2.859263867139816284e-02,3.038547001779079437e-03,4.367400705814361572e-02,2.081113122403621674e-02,-1.952687837183475494e-02,3.145775524899363518e-03
-3.701867535710334778e-02,-5.636433511972427368e-02,-3.478010417893528938e-03,4.348111525177955627e-02,-2.852348145097494125e-03,-2.734148129820823669e-02,-2.287828549742698669e-02,-1.171113643795251846e-02,-2.213960886001586914e-02,-1.126752118580043316e-03
-2.556500490754842758e-03,9.550316259264945984e-03,1.519357506185770035e-02,-4.689426627010107040e-03,2.084444090723991394e-02,2.579113002866506577e-03,-9.017104282975196838e-03,-1.419939566403627396e-02,-1.719771884381771088e-02,2.174935769289731979e-03
-3.213756904006004333e-02,-4.789451137185096741e-02,4.739123955368995667e-02,-3.955192118883132935e-02,-1.547435671091079712e-02,-4.474143963307142258e-03,-3.906106809154152870e-03,1.477502658963203430e-02,2.259360859170556068e-03,-5.332745984196662903e-02
-2.713787928223609924e-02,3.179769590497016907e-02,-1.101542729884386063e-02,-1.779934018850326538e-02,1.413151249289512634e-02,3.299815207719802856e-02,4.347655922174453735e-03,-1.180228684097528458e-02,-8.739036507904529572e-03,-6.934552453458309174e-03
2.877103351056575775e-02,-8.663017302751541138e-03,-3.169640153646469116e-02,3.325486928224563599e-02,-1.966734044253826141e-02,-2.667295001447200775e-02,2.635352872312068939e-02,2.268378995358943939e-02,-1.692984811961650848e-02,-1.852439600042998791e-03
-4.069443093612790108e-06,-1.425999926141230389e-05,6.610610871575772762e-04,-3.209118949598632753e-05,3.685175033751875162e-04,-1.472818439651746303e-05,-1.775758937583304942e-05,-1.531747286207973957e-03,1.488170164520852268e-05,-3.012686502188444138e-04
3.535949066281318665e-02,-3.048285841941833496e-02,-1.368973497301340103e-02,-2.184760943055152893e-02,1.255470048636198044e-02,-1.246532797813415527e-02,4.558634012937545776e-02,5.110074207186698914e-02,1.008358318358659744e-02,1.738542690873146057e-02
-1.430912967771291733e-02,1.703750900924205780e-02,-2.655590418726205826e-03,-4.236920550465583801e-02,2.973762340843677521e-02,1.414402294903993607e-02,-7.169467280618846416e-04,-1.711699180305004120e-02,7.849001325666904449e-03,1.651899423450231552e-03
-6.884959875606000423e-04,-2.136653847992420197e-02,3.528909757733345032e-02,-4.400176461786031723e-03,-2.456467226147651672e-02,-2.624326443765312433e-04,1.214075833559036255e-02,3.451736271381378174e-02,6.447143387049436569e-03,-2.857323037460446358e-03
-4.017913341522216797e-02,2.989215590059757233e-02,1.347674801945686340e-02,2.991789020597934723e-02,-3.072659112513065338e-02,1.888948678970336914e-02,1.129681337624788284e-02,4.649919271469116211e-02,2.455797977745532990e-02,-2.899244800209999084e-02
-1.241351850330829620e-02,-8.968264795839786530e-03,-6.026684772223234177e-03,-1.689000800251960754e-02,1.225577434524893761e-03,-1.679199375212192535e-02,6.945546250790357590e-03,1.609834609553217888e-03,-2.336850762367248535e-02,2.158006653189659119e-02
-2.789947902783751488e-03,-3.019800875335931778e-03,-1.605999656021595001e-02,-8.040864951908588409e-03,-2.294800058007240295e-02,5.608716979622840881e-03,1.766590401530265808e-02,9.958245791494846344e-03,-3.141190484166145325e-02,-1.162784080952405930e-02
-2.026615431532263756e-03,8.096913993358612061e-02,-5.385686829686164856e-02,-6.803764030337333679e-03,-3.223177790641784668e-02,2.153813093900680542e-02,1.455350127071142197e-02,-7.924361154437065125e-03,5.888166278600692749e-02,-3.211518749594688416e-03
-1.012662798166275024e-02,1.999537646770477295e-02,-3.743702173233032227e-02,-7.282226346433162689e-03,-1.586349494755268097e-02,1.484957407228648663e-03,1.390058267861604691e-02,-1.090382039546966553e-02,-1.641012169420719147e-02,9.224550798535346985e-03
-5.463731288909912109e-02,-4.066690430045127869e-02,1.034442149102687836e-02,-2.095764875411987305e-02,-1.247997744940221310e-03,-1.046394230797886848e-03,-1.256685052067041397e-02,-1.410275232046842575e-02,8.257631212472915649e-03,1.617336645722389221e-02
5.314705893397331238e-03,-3.707911446690559387e-02,-4.625910427421331406e-03,1.741671934723854065e-02,-3.811018541455268860e-02,1.314593479037284851e-02,1.642296090722084045e-02,2.079082652926445007e-02,2.498956397175788879e-02,-2.160036377608776093e-02
2.962747588753700256e-02,9.721598587930202484e-03,2.638451522216200829e-03,1.732929982244968414e-02,-5.856969580054283142e-02,-2.755510993301868439e-02,9.836215525865554810e-03,5.245332140475511551e-03,4.734418541193008423e-02,2.556423470377922058e-02
-2.862975373864173889e-02,-7.586357183754444122e-03,1.968433335423469543e-02,-4.281098395586013794e-02,1.799231744371354580e-03,-3.368642181158065796e-02,-4.066853225231170654e-02,-9.347482584416866302e-03,1.069274730980396271e-02,-1.965920440852642059e-02
-1.964119262993335724e-02,-3.884450998157262802e-03,8.385910652577877045e-03,2.736536320298910141e-03,9.963833726942539215e-03,1.651661586947739124e-03,4.724724590778350830e-02,2.763158176094293594e-03,-3.697951883077621460e-02,-1.753637188812717795e-04
4.600245878100395203e-02,-1.331768115051090717e-03,-2.484843507409095764e-02,8.689097315073013306e-02,3.567505627870559692e-02,-2.715576067566871643e-02,3.227179870009422302e-02,1.290249265730381012e-02,4.939039703458547592e-03,2.152932621538639069e-02
2.471052110195159912e-02,-1.769318059086799622e-02,-1.287892693653702736e-03,3.794336318969726562e-02,9.610087610781192780e-03,4.821168631315231323e-02,1.411157753318548203e-02,1.729844138026237488e-02,-7.838567718863487244e-03,-1.498211454600095749e-02
-8.402364328503608704e-03,2.949323272332549095e-03,-3.531794622540473938e-02,-5.857380479574203491e-02,-1.162294950336217880e-02,-4.034289717674255371e-02,1.604521274566650391e-02,4.264697432518005371e-02,3.867056593298912048e-02,2.531459741294384003e-02
1.053967513144016266e-02,-3.335021808743476868e-02,-1.041944837197661400e-03,2.420735172927379608e-02,-4.899067431688308716e-02,-1.057100202888250351e-02,7.335446774959564209e-02,4.186489805579185486e-02,3.601063415408134460e-02,1.498846150934696198e-02
-9.887181222438812256e-03,7.321553770452737808e-03,5.845775012858211994e-04,-1.511686109006404877e-02,2.343758381903171539e-02,-1.315446943044662476e-02,5.354516208171844482e-03,3.008595667779445648e-03,1.125761424191296101e-03,1.037905924022197723e-02
-1.439212355762720108e-02,1.993340812623500824e-02,-2.557483687996864319e-02,9.384532459080219269e-03,6.435726303607225418e-03,-4.242180846631526947e-03,5.207617208361625671e-02,-3.150147944688796997e-02,3.132496401667594910e-02,-1.147683057934045792e-02
1.235286984592676163e-02,-2.455770410597324371e-02,3.073671832680702209e-02,2.456830814480781555e-02,1.756435632705688477e-02,1.106467656791210175e-02,-8.428863249719142914e-03,-1.864966703578829765e-03,-1.638898998498916626e-02,3.652716800570487976e-02
-6.042951345443725586e-02,-4.695157986134290695e-03,-5.321356933563947678e-03,-3.928313404321670532e-02,-4.999733995646238327e-03,2.637090347707271576e-02,1.161441300064325333e-02,3.686968702822923660e-03,-4.294898360967636108e-02,-3.127146139740943909e-02
-3.713323920965194702e-02,-5.143138021230697632e-02,-4.603628814220428467e-02,-2.346023730933666229e-02,2.568639349192380905e-03,1.894577406346797943e-02,-2.448495477437973022e-03,-3.832431137561798096e-02,-3.402768867090344429e-03,7.564771804027259350e-04
1.055402774363756180e-02,-2.682620892301201820e-03,1.567366346716880798e-02,-1.082822121679782867e-02,-9.751760400831699371e-03,-1.276961155235767365e-02,-5.486246664077043533e-03,1.334706903435289860e-04,-1.719995634630322456e-04,2.279271557927131653e-02
-1.622282713651657104e-02,1.557440496981143951e-02,1.862736977636814117e-02,-5.379845947027206421e-02,4.319101106375455856e-03,1.744879223406314850e-02,-1.868010312318801880e-02,3.297967137768864632e-03,2.093070559203624725e-02,6.363321095705032349e-03
9.310468100011348724e-03,1.074836240150034428e-03,3.763959975913167000e-03,5.115932071930728853e-05,1.588247250765562057e-03,-6.626682355999946594e-03,6.256563123315572739e-03,3.431604709476232529e-03,-7.400573813356459141e-04,2.602722495794296265e-03
3.165210038423538208e-02,1.439373940229415894e-02,5.319962278008460999e-02,2.326835133135318756e-02,2.518957667052745819e-02,-1.349164289422333241e-03,4.093865677714347839e-02,1.766015775501728058e-02,-1.762060262262821198e-02,-1.020108256489038467e-02
2.296136692166328430e-03,1.076158229261636734e-02,4.701371653936803341e-04,1.213118666782975197e-03,-1.088687125593423843e-02,5.084156990051269531e-03,-1.108613889664411545e-02,-3.817772027105093002e-03,3.829339751973748207e-03,-9.181423112750053406e-03
2.826060913503170013e-02,4.062710702419281006e-02,1.092278771102428436e-02,2.854062430560588837e-02,9.462029673159122467e-03,-3.193889930844306946e-02,-3.421188518404960632e-02,-1.101017836481332779e-02,-3.067340888082981110e-02,2.413860149681568146e-02
-1.060038898140192032e-02,2.561351098120212555e-02,5.765730515122413635e-03,-2.623130008578300476e-02,-9.655893780291080475e-03,-1.902515999972820282e-02,-2.245554141700267792e-02,1.274970825761556625e-02,-7.157473359256982803e-03,-7.289426401257514954e-03
3.586531616747379303e-03,-1.879347115755081177e-02,2.811636216938495636e-02,4.246586468070745468e-03,-3.327799215912818909e-02,-4.304873198270797729e-02,4.757230170071125031e-03,2.374332956969738007e-02,-3.854402573779225349e-03,1.503683812916278839e-02
1.165561005473136902e-02,-6.362613756209611893e-03,-2.680766338016837835e-04,1.473193056881427765e-02,1.073074713349342346e-02,-4.760891199111938477e-03,4.363733809441328049e-03,1.898612943477928638e-03,6.845920346677303314e-03,6.040764506906270981e-03
-2.752571180462837219e-02,3.699850989505648613e-03,2.304293774068355560e-02,-1.405689492821693420e-02,5.078153219074010849e-03,-2.487217448651790619e-02,-1.113923918455839157e-02,-3.560404106974601746e-02,-1.054338354151695967e-04,-3.189400583505630493e-02
-3.948931768536567688e-02,9.927261620759963989e-03,-4.090334754437208176e-03,-2.801792509853839874e-02,-3.186140954494476318e-02,-1.255300454795360565e-02,-3.972155228257179260e-02,-2.105601690709590912e-02,1.387867983430624008e-02,-3.256321186199784279e-03
5.883736070245504379e-03,2.152641676366329193e-02,2.783605596050620079e-03,-2.051606215536594391e-02,5.007124040275812149e-03,2.094024233520030975e-02,-3.020234033465385437e-02,-9.509388357400894165e-03,3.465510904788970947e-02,-2.639931626617908478e-02
-1.355381682515144348e-02,4.454903828445822001e-04,1.189446658827364445e-03,-2.672799397259950638e-03,-5.049112951382994652e-04,3.578599309548735619e-03,-3.475748701021075249e-03,3.746195230633020401e-03,6.414092145860195160e-03,1.432863180525600910e-03
2.761411247774958611e-03,-1.141516026109457016e-02,4.438430443406105042e-02,1.089745759963989258e-02,-4.612842109054327011e-03,-1.919045113027095795e-03,1.825759932398796082e-02,7.590379565954208374e-03,-2.238339185714721680e-02,-8.918249048292636871e-03
-1.887094578705728054e-03,-3.116725198924541473e-02,3.394429013133049011e-02,-1.303985156118869781e-02,-4.692869260907173157e-02,2.650126628577709198e-02,-8.423664607107639313e-03,2.492187777534127235e-03,-4.466181155294179916e-03,1.633745804429054260e-02
3.235144307836890221e-03,-6.625272799283266068e-04,-4.925162345170974731e-02,-2.442158199846744537e-02,-2.066298015415668488e-02,2.355940267443656921e-02,2.033746615052223206e-02,1.369805424474179745e-03,-1.542926393449306488e-02,4.691242799162864685e-02
-2.313339523971080780e-02,-5.625952966511249542e-03,-2.725755237042903900e-02,1.385570876300334930e-02,-1.355381449684500694e-03,1.571731083095073700e-02,4.728387296199798584e-02,1.634394004940986633e-02,1.699179410934448242e-02,-7.208165246993303299e-03
5.365325603634119034e-03,-6.643835920840501785e-03,2.702407306060194969e-03,-9.537520818412303925e-03,-1.265133265405893326e-02,-1.192821841686964035e-02,8.444015838904306293e-05,4.517558962106704712e-03,7.334886118769645691e-03,8.556830696761608124e-03
1.544296368956565857e-02,8.590286597609519958e-03,-1.516358926892280579e-02,-1.175744179636240005e-02,8.189178071916103363e-03,-1.302697975188493729e-02,1.356418215436860919e-04,-8.457808755338191986e-03,-1.179417688399553299e-02,-3.615233348682522774e-03
-1.737727783620357513e-02,-1.548416540026664734e-02,3.504632413387298584e-02,-6.224894430488348007e-03,-1.630295068025588989e-02,1.552121434360742569e-02,-3.494848730042576790e-03,3.192170336842536926e-02,6.939580198377370834e-03,1.789630949497222900e-02
2.287064678966999054e-02,5.160856526345014572e-03,2.384159155189990997e-02,1.453822478652000427e-02,2.530341781675815582e-02,2.204674994572997093e-03,-1.010472979396581650e-02,1.914957910776138306e-02,-9.600536897778511047e-03,6.366507150232791901e-03
-4.693895112723112106e-03,-4.873879253864288330e-03,1.860674703493714333e-03,1.389196235686540604e-02,-1.086691208183765411e-02,-1.157128810882568359e-02,-5.377584602683782578e-03,1.562519930303096771e-02,1.798782963305711746e-03,-8.812799118459224701e-03
1.256952714174985886e-02,-2.644964866340160370e-02,-5.495730787515640259e-03,-1.063361996784806252e-03,-7.896001450717449188e-03,-4.720722325146198273e-03,4.821854643523693085e-03,7.507576374337077141e-04,1.678000902757048607e-03,-2.271114289760589600e-02
1.701910607516765594e-02,7.037350442260503769e-03,-1.019071787595748901e-02,4.801271483302116394e-02,-1.940763555467128754e-02,7.886782288551330566e-03,4.845770075917243958e-02,-9.352415800094604492e-03,-7.004020735621452332e-03,5.379170761443674564e-04
4.334001801908016205e-03,3.289156407117843628e-02,-9.879707358777523041e-03,6.861928384751081467e-03,3.802653774619102478e-02,-3.192973136901855469e-02,9.451315738260746002e-03,1.268807239830493927e-02,-3.013521060347557068e-02,-1.030680630356073380e-02
-1.318604312837123871e-02,-1.601875387132167816e-02,6.319705396890640259e-03,3.000136092305183411e-02,-1.576585136353969574e-02,6.334252539090812206e-04,-3.476986894384026527e-03,2.436312101781368256e-02,2.450795844197273254e-02,-9.202995337545871735e-03
5.823910236358642578e-03,1.599226146936416626e-02,2.094305492937564850e-02,-1.514490228146314621e-03,-4.973267670720815659e-03,-6.838361732661724091e-03,7.861177437007427216e-04,-1.083657029084861279e-03,-1.498389523476362228e-02,7.098617032170295715e-03
-2.425728179514408112e-02,-4.135200753808021545e-02,7.338184863328933716e-02,-3.039295552298426628e-03,-3.598859906196594238e-02,-3.545502666383981705e-03,4.477823677007108927e-05,2.371638081967830658e-02,-1.470135804265737534e-02,-2.591912401840090752e-03
-2.592892386019229889e-03,-1.624692929908633232e-03,-4.696828313171863556e-03,-1.336142048239707947e-02,-5.074698943644762039e-03,-2.491836668923497200e-03,4.041954409331083298e-03,9.884327882900834084e-04,1.226928178220987320e-02,8.688812376931309700e-04
-1.692620851099491119e-02,-3.085807897150516510e-02,-4.591557197272777557e-03,7.998645305633544922e-03,-1.242796704173088074e-02,1.232672017067670822e-02,-2.429104037582874298e-02,-1.156997121870517731e-02,3.091323375701904297e-02,3.147236711811274290e-04
-7.502463180571794510e-03,1.040098816156387329e-02,4.659094288945198059e-02,-3.768725320696830750e-02,-7.749390322715044022e-03,-4.465585108846426010e-03,-3.451048163697123528e-03,-2.463697222992777824e-03,-3.227754309773445129e-02,5.771068390458822250e-03
2.062637591734528542e-03,2.139328233897686005e-02,1.531865913420915604e-02,-2.238719910383224487e-02,1.276281289756298065e-02,-2.280071564018726349e-02,7.663339376449584961e-03,-9.782907553017139435e-03,-1.461936347186565399e-02,-2.008179668337106705e-03
1.012571807950735092e-02,-3.815833188127726316e-04,4.107339307665824890e-03,1.014907378703355789e-02,-3.089381754398345947e-02,-1.788908429443836212e-02,1.527652726508677006e-03,9.367019869387149811e-03,-1.145829167217016220e-02,4.171534907072782516e-03
1.360041904263198376e-03,1.005125232040882111e-02,-1.199106802232563496e-03,7.002952042967081070e-03,-1.240586210042238235e-02,-5.791692528873682022e-03,1.905101933516561985e-03,1.283507794141769409e-03,-3.654714906588196754e-03,-8.425164036452770233e-03
2.497963793575763702e-02,-1.477537024766206741e-02,2.264474146068096161e-02,3.436360880732536316e-02,-2.453559450805187225e-02,-1.007426902651786804e-02,3.678270615637302399e-03,2.287714928388595581e-02,-1.895222812891006470e-02,-6.641435320489108562e-04
2.180922776460647583e-02,1.338348817080259323e-02,6.053697783499956131e-03,4.377236962318420410e-02,1.115915924310684204e-02,4.057651385664939880e-02,3.333671391010284424e-02,1.963491924107074738e-02,3.645743057131767273e-02,-3.192410105839371681e-03
-2.092393813654780388e-03,4.656470628106035292e-05,-9.566945955157279968e-03,-3.104508796241134405e-04,1.910650462377816439e-05,1.142691471613943577e-03,-3.070859238505363464e-04,7.797530852258205414e-04,-1.010849373415112495e-03,1.844550570240244269e-05
-3.985722083598375320e-03,1.188725791871547699e-02,1.643610000610351562e-02,3.044382110238075256e-02,5.538342520594596863e-03,1.887924037873744965e-02,2.356004342436790466e-02,-2.459374442696571350e-02,-1.840643770992755890e-02,-2.701360546052455902e-02
2.134953858330845833e-03,2.152776531875133514e-02,-4.111144226044416428e-03,-1.587269082665443420e-02,4.392162896692752838e-03,8.906423114240169525e-03,-2.933667227625846863e-02,-9.421758353710174561e-03,-1.638514921069145203e-02,-2.220050804316997528e-02
-1.035075727850198746e-02,9.543432854115962982e-03,-3.190524177625775337e-03,-3.211957588791847229e-02,1.256137434393167496e-02,2.114226296544075012e-02,-2.378908172249794006e-02,-4.104591906070709229e-02,-3.353183344006538391e-02,3.603384643793106079e-02
5.705549847334623337e-03,-8.187884668586775661e-05,-6.182746496051549911e-03,-4.074158146977424622e-03,2.142654359340667725e-02,2.027358673512935638e-02,-8.630212396383285522e-03,-3.145927563309669495e-02,1.253898371942341328e-03,-2.128875814378261566e-02
-6.428528577089309692e-03,-1.316632144153118134e-02,-1.659292355179786682e-02,-2.243261318653821945e-03,3.552886890247464180e-03,-5.780486389994621277e-03,-2.362660691142082214e-02,-1.253955531865358353e-02,1.377016538754105568e-03,5.315118003636598587e-03
-8.812541142106056213e-03,5.457234103232622147e-03,1.291737076826393604e-03,1.201821956783533096e-02,-1.256637182086706161e-02,-1.216129958629608154e-02,-1.454299502074718475e-02,-5.348612088710069656e-03,6.697938777506351471e-03,4.437993280589580536e-03
7.872896268963813782e-03,6.404459476470947266e-03,-1.004001777619123459e-02,-1.668031327426433563e-03,1.463756617158651352e-02,3.768534632399678230e-03,2.259662607684731483e-03,2.270455285906791687e-02,5.335581302642822266e-02,-1.871699094772338867e-02
1.049901824444532394e-02,-1.094535179436206818e-02,-1.586642465554177761e-03,5.569610744714736938e-03,-8.209921419620513916e-03,8.412952534854412079e-03,-1.918023917824029922e-03,-2.167179714888334274e-03,2.449404820799827576e-02,4.157423041760921478e-03
-5.786404362879693508e-04,2.713674493134021759e-02,1.208972092717885971e-02,6.218871101737022400e-03,-1.260485686361789703e-02,4.014110192656517029e-02,4.811633378267288208e-03,2.446295879781246185e-02,8.066329360008239746e-02,-4.124660789966583252e-02
-1.127593498677015305e-02,-1.309882756322622299e-02,-1.281062513589859009e-02,4.256878513842821121e-03,1.535123679786920547e-02,5.785947199910879135e-03,1.428981660865247250e-03,-1.220656558871269226e-02,-9.841048158705234528e-03,2.554264478385448456e-02
-2.513662166893482208e-02,5.844631697982549667e-03,2.822170266881585121e-03,6.179647170938551426e-04,-6.558457389473915100e-04,1.851733215153217316e-02,-2.546489797532558441e-02,-4.005404654890298843e-03,2.637973241508007050e-02,-2.191640250384807587e-02
-9.435683488845825195e-03,-1.851451117545366287e-03,5.176218226552009583e-03,1.030152570456266403e-02,1.116735860705375671e-02,-8.065616129897534847e-04,-1.773677021265029907e-02,-1.891563297249376774e-03,-5.520354025065898895e-03,-2.912201918661594391e-03
1.446960121393203735e-02,-8.265958749689161777e-04,-2.470645122230052948e-02,-3.700203262269496918e-03,8.157257921993732452e-03,7.561710663139820099e-03,1.386818569153547287e-02,2.675714343786239624e-02,7.805113214999437332e-03,5.596125032752752304e-03
4.817141743842512369e-04,-1.598968729376792908e-02,3.467890492174774408e-04,-6.104799453169107437e-03,2.203027950599789619e-03,1.063073240220546722e-02,1.088726148009300232e-02,-7.312630768865346909e-04,7.245779270306229591e-04,9.821421466767787933e-03
-9.290938032791018486e-05,-2.008397690951824188e-02,-1.117661711759865284e-03,1.298039965331554413e-02,1.560259051620960236e-02,-1.921821944415569305e-02,1.598641648888587952e-02,1.527100149542093277e-02,-6.635731086134910583e-03,-8.253726176917552948e-03
3.952745720744132996e-02,4.619614779949188232e-02,-2.673367410898208618e-02,1.808585226535797119e-02,1.105115050449967384e-03,2.272435463964939117e-02,2.509813942015171051e-02,1.991131156682968140e-02,-7.692575920373201370e-03,-4.886683076620101929e-03
-2.526086941361427307e-02,-1.627845317125320435e-02,5.794604308903217316e-03,-6.613488221773877740e-05,-1.928690075874328613e-02,2.082949690520763397e-02,1.325791142880916595e-02,2.825326658785343170e-02,5.304639786481857300e-02,3.772232308983802795e-02
3.267809748649597168e-02,-2.987326495349407196e-02,1.773826405405998230e-02,6.921063642948865891e-03,7.599747739732265472e-03,2.339671179652214050e-02,-2.144631929695606232e-03,4.298736155033111572e-02,-5.644600838422775269e-02,2.743900008499622345e-02
-7.893633301137015224e-05,9.686451405286788940e-03,-1.040924061089754105e-02,6.291433819569647312e-04,2.761551877483725548e-03,4.461620934307575226e-03,-3.649987280368804932e-03,7.221303880214691162e-03,1.369535923004150391e-03,8.901522960513830185e-04
2.393061481416225433e-02,2.691068500280380249e-02,-1.849672943353652954e-02,1.299410872161388397e-02,2.452184632420539856e-02,2.504416741430759430e-02,2.264150232076644897e-02,-1.940058730542659760e-02,-1.961141452193260193e-02,-1.914859563112258911e-02
2.963709272444248199e-02,-1.345447730273008347e-03,2.584044588729739189e-03,2.456686273217201233e-02,-1.348049193620681763e-02,-1.412526890635490417e-02,3.545361384749412537e-02,2.125121280550956726e-02,-1.530170906335115433e-02,2.831592224538326263e-02
1.983615010976791382e-02,7.426584605127573013e-03,1.746632345020771027e-02,-1.887103542685508728e-03,-5.166308488696813583e-03,4.646120127290487289e-03,-1.033870689570903778e-02,-4.186823964118957520e-03,-1.041063107550144196e-03,1.093735359609127045e-02
-4.477356560528278351e-03,1.286591961979866028e-02,-3.963903337717056274e-02,-1.551357749849557877e-02,1.252568233758211136e-02,-2.705602208152413368e-03,1.699666865170001984e-02,-1.024387124925851822e-02,2.238012664020061493e-02,2.540359832346439362e-02
-2.450216002762317657e-02,-4.246623441576957703e-02,4.730773216579109430e-04,5.328299477696418762e-02,-1.633042283356189728e-02,1.333326566964387894e-02,1.829114183783531189e-02,2.534198109060525894e-03,3.648223355412483215e-02,-1.634245179593563080e-02
9.406083263456821442e-03,-4.960700869560241699e-03,-1.466793008148670197e-02,1.945991627871990204e-02,1.768821384757757187e-03,-1.111358497291803360e-02,-3.253045491874217987e-03,-8.895834907889366150e-03,-1.358421705663204193e-02,4.189185798168182373e-03
-2.473090775310993195e-02,2.857922809198498726e-03,-2.147822873666882515e-03,-4.998082295060157776e-03,-3.119744593277573586e-03,1.827297732234001160e-02,5.610903725028038025e-03,3.029512474313378334e-03,1.888900622725486755e-02,-1.803408563137054443e-02
-4.202043637633323669e-02,-2.818797342479228973e-02,-3.523867949843406677e-02,-2.913852222263813019e-02,-3.360765054821968079e-02,2.743472717702388763e-02,3.027168661355972290e-02,-3.973787650465965271e-03,2.813722752034664154e-02,2.506646700203418732e-02
-1.210172381252050400e-02,-1.585538126528263092e-02,1.816666871309280396e-02,-2.348727174103260040e-02,-9.292067959904670715e-03,-1.345579419285058975e-02,-6.663876120001077652e-04,-1.799578405916690826e-02,3.413960337638854980e-03,1.489789970219135284e-02
-2.855994098354130983e-04,-5.377691704779863358e-03,4.866501316428184509e-03,-8.310279226861894131e-04,-9.515170007944107056e-03,-1.010008715093135834e-02,2.369269495829939842e-03,3.791917988564819098e-04,2.427695691585540771e-02,3.279441967606544495e-03
9.280751459300518036e-03,-2.801564289256930351e-03,-5.124245304614305496e-03,1.261215773411095142e-03,-5.483183078467845917e-03,1.772643532603979111e-03,2.140542492270469666e-02,1.393360923975706100e-02,-2.026179432868957520e-02,2.198369801044464111e-02
5.527658015489578247e-02,-1.288953609764575958e-02,1.593295857310295105e-02,2.208597399294376373e-02,-3.930463921278715134e-03,-2.953928336501121521e-02,1.046581007540225983e-02,6.311835255473852158e-03,-3.131901472806930542e-02,2.142215613275766373e-03
2.921620383858680725e-02,4.041100293397903442e-02,-2.095546945929527283e-02,1.686922088265419006e-02,3.105742158368229866e-03,2.452451735734939575e-02,3.065394610166549683e-02,3.440150618553161621e-02,3.743996145203709602e-03,1.730249146930873394e-03
-3.245647624135017395e-02,3.197616199031472206e-03,-1.686208508908748627e-02,-9.024704806506633759e-03,-9.838632307946681976e-03,-4.141631361562758684e-04,5.673362873494625092e-03,-2.367868833243846893e-02,1.596932485699653625e-02,-3.053045598790049553e-03
2.445782534778118134e-02,-1.370678097009658813e-02,7.169377640821039677e-04,1.667710393667221069e-02,7.544118911027908325e-03,2.090671285986900330e-02,1.737625338137149811e-02,1.002675481140613556e-02,-2.810129523277282715e-02,1.062165014445781708e-02
-1.267974451184272766e-02,4.358350706752389669e-04,3.978236112743616104e-03,4.519547801464796066e-03,5.685112904757261276e-03,5.503575783222913742e-03,-3.926220815628767014e-03,4.745589103549718857e-03,7.376967929303646088e-03,7.010235916823148727e-03
-3.424579510465264320e-03,5.937183159403502941e-04,2.318337187170982361e-02,1.288379263132810593e-02,2.888503251597285271e-03,-5.277267657220363617e-03,9.281506761908531189e-03,3.725224873051047325e-03,-8.868892677128314972e-03,1.687924191355705261e-02
-5.761537913429037872e-10,-3.658047717181034386e-05,7.173796279236199780e-11,5.909189894737210125e-06,-1.520944403839540461e-16,2.848380420417129244e-09,-5.966806781998457154e-08,-1.308921415699160207e-09,-6.135567054421642297e-11,9.040228405865491368e-07
-1.152859628200531006e-02,-1.352865807712078094e-02,5.170295387506484985e-02,-1.822658255696296692e-02,4.660538397729396820e-03,9.975605644285678864e-03,-2.583156153559684753e-02,-3.179226769134402275e-04,-4.468561708927154541e-02,2.064113318920135498e-02
2.027862891554832458e-02,4.193728789687156677e-03,2.179219946265220642e-02,2.475419268012046814e-02,-2.185061946511268616e-02,4.464230732992291451e-04,2.345114247873425484e-03,-1.290907245129346848e-02,-3.924033045768737793e-02,2.217465080320835114e-02
-1.456821989268064499e-02,3.097922727465629578e-02,-9.455390973016619682e-04,-6.594940554350614548e-03,-1.799871958792209625e-02,3.780878707766532898e-02,-4.285623319447040558e-03,2.657805755734443665e-02,2.264697849750518799e-02,-5.158988293260335922e-03
6.943782209418714046e-04,-2.832784317433834076e-03,4.239674191921949387e-03,5.647217039950191975e-04,8.214933914132416248e-04,4.493741318583488464e-03,7.800654508173465729e-03,9.234613738954067230e-03,1.634761691093444824e-03,5.162361543625593185e-03
1.822635880671441555e-03,-6.119878380559384823e-04,3.838830627501010895e-03,-3.151786746457219124e-03,3.065575612708926201e-03,-2.767954254522919655e-03,-1.235703239217400551e-03,-2.505272859707474709e-03,-1.179186394438147545e-03,-3.939658199669793248e-05
-1.740217767655849457e-02,-5.821347236633300781e-03,3.484392073005437851e-03,1.090818736702203751e-02,-4.672750830650329590e-03,1.922983303666114807e-02,-4.703816084656864405e-04,8.741692639887332916e-03,2.232314273715019226e-02,-1.586790755391120911e-02
7.884571095928549767e-04,1.699107000604271889e-03,4.363112093415111303e-04,-2.460193121805787086e-03,-6.168175023049116135e-03,-3.402689180802553892e-04,2.292882883921265602e-03,5.157685838639736176e-03,4.357423167675733566e-03,-6.991560221649706364e-04
-3.827963490039110184e-03,-4.638877231627702713e-03,6.855843123048543930e-03,4.097079858183860779e-03,3.144863527268171310e-03,1.520283706486225128e-02,3.897959133610129356e-03,-1.161391194909811020e-02,1.101326849311590195e-02,-6.656059063971042633e-03
-8.534657768905162811e-03,-7.405886426568031311e-03,2.438745927065610886e-03,1.000644825398921967e-02,-1.202195324003696442e-02,2.467691525816917419e-02,4.771913867443799973e-03,2.235166169703006744e-02,2.478972636163234711e-02,-1.881047710776329041e-02
1.260361820459365845e-02,1.101920660585165024e-02,7.934560999274253845e-04,4.235185217112302780e-03,2.118665492162108421e-03,-7.537346798926591873e-03,-8.484669029712677002e-03,2.912899944931268692e-04,1.402932591736316681e-02,7.376277353614568710e-03
8.797021582722663879e-03,-1.081082783639431000e-02,2.626506797969341278e-02,1.543990895152091980e-02,3.581994399428367615e-02,7.852777838706970215e-03,-3.204678371548652649e-02,3.211779892444610596e-02,-8.845143020153045654e-03,-1.759381406009197235e-02
3.092810511589050293e-04,1.201095897704362869e-02,1.812682021409273148e-03,-1.020910125225782394e-02,9.741151705384254456e-03,-9.498852305114269257e-03,1.306917425245046616e-02,-9.922699071466922760e-03,-3.558766096830368042e-02,3.633585572242736816e-02
-3.157617291435599327e-03,-1.766833104193210602e-02,-9.394297376275062561e-03,2.652756124734878540e-02,-6.514673121273517609e-03,2.115161530673503876e-02,3.739963471889495850e-02,-1.741992682218551636e-02,-4.698700085282325745e-02,1.405015960335731506e-02
-1.391102996421977878e-04,5.277353804558515549e-03,-1.291069318540394306e-03,-9.644687175750732422e-03,2.241862704977393150e-03,-3.701269160956144333e-03,-5.312340799719095230e-03,2.227351302281022072e-03,-1.233877497725188732e-03,5.650679115206003189e-03
2.041344530880451202e-02,-1.154794823378324509e-02,9.577671997249126434e-03,2.564297802746295929e-02,-6.654705852270126343e-03,8.830931037664413452e-03,-1.293798536062240601e-02,-3.765235655009746552e-03,1.470712944865226746e-02,-2.256391337141394615e-03
-6.564648938365280628e-04,5.036793649196624756e-03,1.144605036824941635e-02,-2.470889873802661896e-02,1.549382461234927177e-03,-5.286320578306913376e-03,-9.524075430817902088e-04,8.475918322801589966e-03,-9.338010102510452271e-03,-1.660202280618250370e-03
1.258571632206439972e-03,-1.550181070342659950e-03,1.093998923897743225e-02,-9.195911698043346405e-03,-7.383093237876892090e-03,1.943313516676425934e-02,1.979443058371543884e-02,5.655550863593816757e-03,6.392458919435739517e-03,1.005231169983744621e-03
-4.805866628885269165e-03,2.254506805911660194e-03,-1.208951114676892757e-03,4.745394922792911530e-03,-4.160727374255657196e-03,3.834336064755916595e-03,-1.848922809585928917e-03,4.699675831943750381e-03,1.110644359141588211e-02,-8.446576073765754700e-03
2.541368640959262848e-02,-3.762362292036414146e-03,3.072819113731384277e-02,-2.241498976945877075e-02,3.281500190496444702e-02,-4.283763840794563293e-02,-2.765257842838764191e-02,5.647978186607360840e-02,-2.915012277662754059e-02,1.704686135053634644e-02
-4.536249674856662750e-03,9.941943921148777008e-03,-3.002614830620586872e-04,-1.341566722840070724e-02,-7.748865056782960892e-03,-2.144822152331471443e-03,-3.085490129888057709e-02,1.630040258169174194e-02,2.455197088420391083e-02,2.390966191887855530e-02
-1.882214285433292389e-02,-2.552381902933120728e-02,2.011914178729057312e-02,-1.351815927773714066e-02,5.554487579502165318e-04,5.962767638266086578e-03,-6.048491690307855606e-03,-2.594917453825473785e-02,-1.127985864877700806e-02,8.769121952354907990e-03
-1.162017215392552316e-04,-8.527749218046665192e-03,5.968491081148386002e-03,-3.157097613438963890e-03,-2.991225570440292358e-03,-9.712805971503257751e-03,-1.461950317025184631e-02,1.446477137506008148e-03,9.974652202799916267e-04,-6.572826299816370010e-03
2.918335667345672846e-04,4.600386600941419601e-03,1.192719675600528717e-02,-1.204634178429841995e-02,-4.692952148616313934e-03,1.090906676836311817e-03,4.540028385235927999e-06,5.385506432503461838e-03,-2.503930125385522842e-03,2.218927722424268723e-03
-5.949608050286769867e-03,-5.848906934261322021e-03,1.994091272354125977e-02,-2.662309259176254272e-02,-2.675705356523394585e-03,1.086682640016078949e-02,-8.955915458500385284e-03,3.971102647483348846e-03,-2.609049668535590172e-03,-1.279659941792488098e-02
-5.057388334535062313e-04,-8.614600665168836713e-05,-1.344014071946730837e-05,6.467413913924247026e-05,-5.537580698728561401e-03,1.226061272063816432e-06,2.393129398114979267e-04,9.060397132998332381e-05,1.910304854391142726e-04,-2.833455710060661659e-06
5.935924593359231949e-03,-1.214501075446605682e-02,-6.759683135896921158e-03,5.173719022423028946e-03,4.600558429956436157e-03,-6.913778372108936310e-03,1.026988867670297623e-02,-9.760972112417221069e-03,1.097493525594472885e-02,1.046056766062974930e-02
6.385482382029294968e-03,2.058897633105516434e-03,7.883549667894840240e-03,-2.258871495723724365e-02,1.230776309967041016e-02,-1.803777366876602173e-02,-1.054070610553026199e-02,3.349542850628495216e-03,-8.709530229680240154e-04,8.951143827289342880e-04
2.599736116826534271e-02,9.286300279200077057e-03,-1.619970053434371948e-02,1.366578508168458939e-02,2.816116251051425934e-02,-1.399668771773576736e-02,-1.197630353271961212e-02,-2.579783275723457336e-02,-1.215358078479766846e-02,-1.296793483197689056e-02
-2.274692058563232422e-03,-1.521095982752740383e-03,-3.901898744516074657e-04,2.174069522880017757e-04,-6.184435915201902390e-04,7.055321475490927696e-04,1.539876451715826988e-03,3.577273164410144091e-04,4.909794824925484136e-06,-4.164616402704268694e-04
1.267769141122698784e-03,1.160109043121337891e-02,-2.453486807644367218e-02,1.416399888694286346e-02,2.351489476859569550e-02,2.745401114225387573e-03,1.746429875493049622e-02,1.460195425897836685e-02,-6.735504604876041412e-03,-8.893631398677825928e-03
-2.184589952230453491e-02,4.247381910681724548e-02,-2.729847654700279236e-02,-4.104775935411453247e-02,-2.483873069286346436e-02,-3.479155525565147400e-02,3.162071853876113892e-02,2.428414113819599152e-02,-3.090980648994445801e-02,3.006550855934619904e-02
-7.755439728498458862e-03,-1.299506402574479580e-03,3.642987227067351341e-03,1.267323084175586700e-02,-1.105343643575906754e-02,1.252363529056310654e-02,4.333174321800470352e-03,-1.201583072543144226e-02,2.685857471078634262e-03,-8.069491945207118988e-03
2.849116176366806030e-02,-7.363669574260711670e-03,1.766740693710744381e-03,-1.569554768502712250e-02,-2.558086439967155457e-02,-3.029900230467319489e-02,-2.186124399304389954e-02,-2.722918055951595306e-02,2.749740704894065857e-02,2.372308820486068726e-02
3.435477265156805515e-04,-2.579557185526937246e-04,4.002113128080964088e-04,3.366193734109401703e-03,1.676248502917587757e-03,4.736595656140707433e-05,8.648756192997097969e-04,1.105009323509875685e-05,-2.814625913742929697e-04,-7.999988156370818615e-05
-7.484152320103021339e-07,1.023735021590255201e-04,-9.129884711001068354e-05,-1.952227648871485144e-06,-2.322710201951849740e-08,6.577633757842704654e-05,2.467929880367591977e-05,-4.454748705029487610e-06,7.440652098011923954e-06,-5.971023711026646197e-06
5.205561406910419464e-03,-1.753927581012248993e-02,2.515350282192230225e-02,1.293240208178758621e-02,-6.657795514911413193e-03,-1.331567997112870216e-03,-1.356538757681846619e-02,-7.967448909766972065e-04,2.000310644507408142e-02,-2.328817546367645264e-02
-6.690143607556819916e-03,2.472498826682567596e-02,5.481857340782880783e-03,-2.280473243445158005e-03,1.878387853503227234e-02,2.237471379339694977e-02,2.270055375993251801e-02,2.313178218901157379e-02,8.470865577692165971e-05,8.556568063795566559e-03
